trajectory_id,filename,relative_path,schema_version,n_visits,sha256
OGR_V040_TRJ_001,OGR_V040_TRJ_001.json,data/trajectories/v0_41_expanded_300visit/OGR_V040_TRJ_001.json,v0.41,3,0a5a27838198f8a363753290f3f3fd063f13f5d43bfa9b3ee8e19b855f523bfb
OGR_V040_TRJ_002,OGR_V040_TRJ_002.json,data/trajectories/v0_41_expanded_300visit/OGR_V040_TRJ_002.json,v0.41,3,ff9654aa1b7ac7204c0b96b3a6f14b813fb4d280992a31ec5a33dd3c65a9ba3d
OGR_V040_TRJ_003,OGR_V040_TRJ_003.json,data/trajectories/v0_41_expanded_300visit/OGR_V040_TRJ_003.json,v0.41,3,674fb8eeba22372514009c52cd4bd9d6b61496ef9de21d096553a042ac8569fe
OGR_V040_TRJ_004,OGR_V040_TRJ_004.json,data/trajectories/v0_41_expanded_300visit/OGR_V040_TRJ_004.json,v0.41,3,1d6fe7505696d6b00747f416da7df59e7a9c0134eda47aa6a231c06fb1a0d1e2
OGR_V040_TRJ_005,OGR_V040_TRJ_005.json,data/trajectories/v0_41_expanded_300visit/OGR_V040_TRJ_005.json,v0.41,3,66d016479b6bb690a40e05101e06c5e5bab53b9ccf92e72c5c9d820a0f1164c2
OGR_V040_TRJ_006,OGR_V040_TRJ_006.json,data/trajectories/v0_41_expanded_300visit/OGR_V040_TRJ_006.json,v0.41,3,b0baa4a4016e4e11d79baa5c9d3870fbbc216a496edf95354770e1c828b288b5
OGR_V040_TRJ_007,OGR_V040_TRJ_007.json,data/trajectories/v0_41_expanded_300visit/OGR_V040_TRJ_007.json,v0.41,3,680e0d5ad0f18b837ec2d70f275fc8fe4ec9c36b9383ba407ef155c946bf6265
OGR_V040_TRJ_008,OGR_V040_TRJ_008.json,data/trajectories/v0_41_expanded_300visit/OGR_V040_TRJ_008.json,v0.41,3,6fc1ee5bc81819918b573bd7af4ed3f254ef3d19ed3e141b8c8dbe2325aeceff
OGR_V040_TRJ_009,OGR_V040_TRJ_009.json,data/trajectories/v0_41_expanded_300visit/OGR_V040_TRJ_009.json,v0.41,3,02101cddc08077f65494bd466001a499663b9a1d8de7fbe4f779e70a2ca89510
OGR_V040_TRJ_010,OGR_V040_TRJ_010.json,data/trajectories/v0_41_expanded_300visit/OGR_V040_TRJ_010.json,v0.41,3,06b30b4346f83e03b153c0de0d77da047636b1a4a6250da5a8a91ada9a0e9894
OGR_V040_TRJ_011,OGR_V040_TRJ_011.json,data/trajectories/v0_41_expanded_300visit/OGR_V040_TRJ_011.json,v0.41,3,1ee94f86c7e945d8b3f753c1141138d0e7e2de2c39021772250ebd7aebb69b02
OGR_V040_TRJ_012,OGR_V040_TRJ_012.json,data/trajectories/v0_41_expanded_300visit/OGR_V040_TRJ_012.json,v0.41,3,c940b7bd904333a0ff312d8e95932735eb093e853b262b3608bc88102c96e641
OGR_V040_TRJ_013,OGR_V040_TRJ_013.json,data/trajectories/v0_41_expanded_300visit/OGR_V040_TRJ_013.json,v0.41,3,4bff6e8196039c7ac037824b7125e31aaba24b812de69b215c074033713b7eee
OGR_V040_TRJ_014,OGR_V040_TRJ_014.json,data/trajectories/v0_41_expanded_300visit/OGR_V040_TRJ_014.json,v0.41,3,f1d2e08ee6d53d3b69d68642adb9d6272a69fe60315c904daa961129018f5354
OGR_V040_TRJ_015,OGR_V040_TRJ_015.json,data/trajectories/v0_41_expanded_300visit/OGR_V040_TRJ_015.json,v0.41,3,9a7148f7cd887d732ad69b7c238229611f770959f6567cd54ebf830e119a3dba
OGR_V040_TRJ_016,OGR_V040_TRJ_016.json,data/trajectories/v0_41_expanded_300visit/OGR_V040_TRJ_016.json,v0.41,3,0cd54bf44b7cfaa81f194babc5144f34e94eda79a377fefd01a58d497df3ff6b
OGR_V040_TRJ_017,OGR_V040_TRJ_017.json,data/trajectories/v0_41_expanded_300visit/OGR_V040_TRJ_017.json,v0.41,3,8324ba931e17158dcf4959e65089ec9935af4c2f93104946a9d53eeffa3784af
OGR_V040_TRJ_018,OGR_V040_TRJ_018.json,data/trajectories/v0_41_expanded_300visit/OGR_V040_TRJ_018.json,v0.41,3,7e27becd65e5ca2e47b6cf1d4bd373d1ebd3d443d6ba14d4dcf3b1c8f61bfa17
OGR_V040_TRJ_019,OGR_V040_TRJ_019.json,data/trajectories/v0_41_expanded_300visit/OGR_V040_TRJ_019.json,v0.41,3,d4ab0b287738adf6017cc9c50286bff4893dc42c287d989922575443822cac4b
OGR_V040_TRJ_020,OGR_V040_TRJ_020.json,data/trajectories/v0_41_expanded_300visit/OGR_V040_TRJ_020.json,v0.41,3,38203815573d2154044137e1a8faf4c9329c610e9cfc9f7864ecaa749eb5a500
OGR_V040_TRJ_021,OGR_V040_TRJ_021.json,data/trajectories/v0_41_expanded_300visit/OGR_V040_TRJ_021.json,v0.41,3,f91ff63a937fa91cdf169659b057cbd7a49786e675f70649b81f65f111b3d469
OGR_V040_TRJ_022,OGR_V040_TRJ_022.json,data/trajectories/v0_41_expanded_300visit/OGR_V040_TRJ_022.json,v0.41,3,848220a59c0a7b3ca31e4bc7569bef7c58d2aca6c729e0e6694d7421c9b1f696
OGR_V040_TRJ_023,OGR_V040_TRJ_023.json,data/trajectories/v0_41_expanded_300visit/OGR_V040_TRJ_023.json,v0.41,3,4e28a5c848f6393bd43420577b04bc3b5723b51fec1c86d2e56788fecdb9fc26
OGR_V040_TRJ_024,OGR_V040_TRJ_024.json,data/trajectories/v0_41_expanded_300visit/OGR_V040_TRJ_024.json,v0.41,3,f56d1eb4870834dc253b443c9ef32e0031978fb612f44c01e6f148d69907644f
OGR_V040_TRJ_025,OGR_V040_TRJ_025.json,data/trajectories/v0_41_expanded_300visit/OGR_V040_TRJ_025.json,v0.41,3,cb84bbd118e8265bd2a9dafdb5f54d9040570537e28e118af01f501145fd30a2
OGR_V040_TRJ_026,OGR_V040_TRJ_026.json,data/trajectories/v0_41_expanded_300visit/OGR_V040_TRJ_026.json,v0.41,3,ba5413f8d94eb5a5f88c1bd7b3e2c90e1c33126b82559c3383976951205de35c
OGR_V040_TRJ_027,OGR_V040_TRJ_027.json,data/trajectories/v0_41_expanded_300visit/OGR_V040_TRJ_027.json,v0.41,3,1878edfcbcbd18187f390c640deac8bfe8f84fef7ecb3b3fcf89ff10e01e503d
OGR_V040_TRJ_028,OGR_V040_TRJ_028.json,data/trajectories/v0_41_expanded_300visit/OGR_V040_TRJ_028.json,v0.41,3,d96b273fd2435d5f3a05208d3c078fcc2e0ee7d6300f6893ea6cbfd64b01161c
OGR_V040_TRJ_029,OGR_V040_TRJ_029.json,data/trajectories/v0_41_expanded_300visit/OGR_V040_TRJ_029.json,v0.41,3,bf8f021e37dd0ab826a4e94c32178e4f7b15a593946eb389002d81d5e5a65d79
OGR_V040_TRJ_030,OGR_V040_TRJ_030.json,data/trajectories/v0_41_expanded_300visit/OGR_V040_TRJ_030.json,v0.41,3,04172af0a4ddaf44d04a3271a6d3c4749ac632461deea258c72cd8a3be26d59a
OGR_V040_TRJ_031,OGR_V040_TRJ_031.json,data/trajectories/v0_41_expanded_300visit/OGR_V040_TRJ_031.json,v0.41,3,bcd5345a7932389a13f9cdf53c0cc037b85f18b1df0a622fb3be02f7a8849719
OGR_V040_TRJ_032,OGR_V040_TRJ_032.json,data/trajectories/v0_41_expanded_300visit/OGR_V040_TRJ_032.json,v0.41,3,ba037eb2688484925e93b8a4ed54a07e4647acd5ba9ee9817532b897180b7edc
OGR_V040_TRJ_033,OGR_V040_TRJ_033.json,data/trajectories/v0_41_expanded_300visit/OGR_V040_TRJ_033.json,v0.41,3,dbb013a2d9d6001281e37f40db7b06d62b3ac92a2bae77b779ed7b031c39f027
OGR_V040_TRJ_034,OGR_V040_TRJ_034.json,data/trajectories/v0_41_expanded_300visit/OGR_V040_TRJ_034.json,v0.41,3,e19a665c7a5ad7886d8c71b7ec73e76f5783f8831d2cd186dcc711d1f3aeb60e
OGR_V040_TRJ_035,OGR_V040_TRJ_035.json,data/trajectories/v0_41_expanded_300visit/OGR_V040_TRJ_035.json,v0.41,3,97aff4b2c7037d9ba80448a9062c81fa9a80288c9186474b5126ac4f82b2cc20
OGR_V040_TRJ_036,OGR_V040_TRJ_036.json,data/trajectories/v0_41_expanded_300visit/OGR_V040_TRJ_036.json,v0.41,3,6cc00de5dae7ca2d532fdac33ae18fd7548767b78cca88b612744536208b6de4
OGR_V040_TRJ_037,OGR_V040_TRJ_037.json,data/trajectories/v0_41_expanded_300visit/OGR_V040_TRJ_037.json,v0.41,3,ac1452986a70e03ddbea04d3bf5a3b2fe6fc67191d29c33ba1932c0bbc617e15
OGR_V040_TRJ_038,OGR_V040_TRJ_038.json,data/trajectories/v0_41_expanded_300visit/OGR_V040_TRJ_038.json,v0.41,3,9ebf922db703144cdf8c016389e977e26fd185de95cd20d8191644a9ea2947e8
OGR_V040_TRJ_039,OGR_V040_TRJ_039.json,data/trajectories/v0_41_expanded_300visit/OGR_V040_TRJ_039.json,v0.41,3,5a109de3d0587e6def407942bd9eda5f3c6aab52d189e772755bd751a028b50b
OGR_V040_TRJ_040,OGR_V040_TRJ_040.json,data/trajectories/v0_41_expanded_300visit/OGR_V040_TRJ_040.json,v0.41,3,53735c9152f88dbe33e3c6b55e70f21327e3c64ad9a7cf1cf6344d0e4cfd20bd
OGR_V040_TRJ_041,OGR_V040_TRJ_041.json,data/trajectories/v0_41_expanded_300visit/OGR_V040_TRJ_041.json,v0.41,3,92ab737e51d60b3b359c99dbf16986113535a97e0514fe22d09f0cdf37a48f94
OGR_V040_TRJ_042,OGR_V040_TRJ_042.json,data/trajectories/v0_41_expanded_300visit/OGR_V040_TRJ_042.json,v0.41,3,958f16cc71332fcbb60a2d9a91aee50db101aa0e103ee780258936297a53dc80
OGR_V040_TRJ_043,OGR_V040_TRJ_043.json,data/trajectories/v0_41_expanded_300visit/OGR_V040_TRJ_043.json,v0.41,3,4318261f95dccc2557e3d0963f5468392e7dc7e040c76ddf5ea2f2230acd69eb
OGR_V040_TRJ_044,OGR_V040_TRJ_044.json,data/trajectories/v0_41_expanded_300visit/OGR_V040_TRJ_044.json,v0.41,3,7f8615feb6e56956db6e4e6a9b5b9f4eb976ae86b33e92691e8650cb55cbafa7
OGR_V040_TRJ_045,OGR_V040_TRJ_045.json,data/trajectories/v0_41_expanded_300visit/OGR_V040_TRJ_045.json,v0.41,3,1fdf0aee4d8222f860823e6404868c0da51f027d0d00239efd1857c22ce9a616
OGR_V040_TRJ_046,OGR_V040_TRJ_046.json,data/trajectories/v0_41_expanded_300visit/OGR_V040_TRJ_046.json,v0.41,3,8541e524c67d51442a96f2e92990478fbd9f4cac78b8b1a4a9e4f52e089fc986
OGR_V040_TRJ_047,OGR_V040_TRJ_047.json,data/trajectories/v0_41_expanded_300visit/OGR_V040_TRJ_047.json,v0.41,3,57baae3b5b9c5bc659117ddc41900c284c7253bdfcff0d9dc8fe1afd3f42be0a
OGR_V040_TRJ_048,OGR_V040_TRJ_048.json,data/trajectories/v0_41_expanded_300visit/OGR_V040_TRJ_048.json,v0.41,3,2d81baa0451d8554c0fa11ae458ae4a8a2c4c81fb19ad3b71c5c114c98a2628a
OGR_V040_TRJ_049,OGR_V040_TRJ_049.json,data/trajectories/v0_41_expanded_300visit/OGR_V040_TRJ_049.json,v0.41,3,19ebb35636623a158083f7304555bd7eb6b7629ed975687f902174f071a34052
OGR_V040_TRJ_050,OGR_V040_TRJ_050.json,data/trajectories/v0_41_expanded_300visit/OGR_V040_TRJ_050.json,v0.41,3,dc3ba9adbdc7324e0f28811c51d1e7c661a1ef15c15254702a0f7d53634b4e56
OGR_V040_TRJ_051,OGR_V040_TRJ_051.json,data/trajectories/v0_41_expanded_300visit/OGR_V040_TRJ_051.json,v0.41,3,ee6d8f62e9640bf4bbd419371f81819db0e8048d85850cbb848094114d9d5a48
OGR_V040_TRJ_052,OGR_V040_TRJ_052.json,data/trajectories/v0_41_expanded_300visit/OGR_V040_TRJ_052.json,v0.41,3,3ea7e48bc74b29919a065966459db4387202cdc2b4ff0008c466015802be33a8
OGR_V040_TRJ_053,OGR_V040_TRJ_053.json,data/trajectories/v0_41_expanded_300visit/OGR_V040_TRJ_053.json,v0.41,3,157970747c67dd4f9aab37df1ca5692a3b0e69f252fe5e32ea24c4f2c0719393
OGR_V040_TRJ_054,OGR_V040_TRJ_054.json,data/trajectories/v0_41_expanded_300visit/OGR_V040_TRJ_054.json,v0.41,3,7064220736414e0b70e3b736ee775611d7a72e496e3afb95c6311eeb412412ea
OGR_V040_TRJ_055,OGR_V040_TRJ_055.json,data/trajectories/v0_41_expanded_300visit/OGR_V040_TRJ_055.json,v0.41,3,ad0322c9158c163f649cc9b30c018b12100c5cc4c7c410a59129db53fdcd6da3
OGR_V040_TRJ_056,OGR_V040_TRJ_056.json,data/trajectories/v0_41_expanded_300visit/OGR_V040_TRJ_056.json,v0.41,3,d110542f0320974a7038f267fecb4a988d7eceaae60bb991912d52efe7a54f4f
OGR_V040_TRJ_057,OGR_V040_TRJ_057.json,data/trajectories/v0_41_expanded_300visit/OGR_V040_TRJ_057.json,v0.41,3,6733bf056f9df53ddd6410a8c910081a84f300e60e38549a2e1b373a5b422392
OGR_V040_TRJ_058,OGR_V040_TRJ_058.json,data/trajectories/v0_41_expanded_300visit/OGR_V040_TRJ_058.json,v0.41,3,80020a1c7f300d914986c5315cd90f9c80852f2d517c2911af5c08408528ad24
OGR_V040_TRJ_059,OGR_V040_TRJ_059.json,data/trajectories/v0_41_expanded_300visit/OGR_V040_TRJ_059.json,v0.41,3,349f2d939f17d1805df58afbca0b99796f04dfb67424e734db24d3809c34e6a6
OGR_V040_TRJ_060,OGR_V040_TRJ_060.json,data/trajectories/v0_41_expanded_300visit/OGR_V040_TRJ_060.json,v0.41,3,aa6b598f8285809ceebef675f03352ecd8b41fc264d1e704ccfdf3c89cb51fd1
OGR_V040_TRJ_061,OGR_V040_TRJ_061.json,data/trajectories/v0_41_expanded_300visit/OGR_V040_TRJ_061.json,v0.41,3,56c49cd869226388b0412daf9c55053c76da72acbdf7e6e41dae07890dc42c5d
OGR_V040_TRJ_062,OGR_V040_TRJ_062.json,data/trajectories/v0_41_expanded_300visit/OGR_V040_TRJ_062.json,v0.41,3,f190fdda7b131571a3950e8cdf78c7e4d7ea2d9975c24545a2411272db46896e
OGR_V040_TRJ_063,OGR_V040_TRJ_063.json,data/trajectories/v0_41_expanded_300visit/OGR_V040_TRJ_063.json,v0.41,3,4272112f0741ce4c2550c007af933448fd1c6e5391ed1d1d6e92eaac0a16fc30
OGR_V040_TRJ_064,OGR_V040_TRJ_064.json,data/trajectories/v0_41_expanded_300visit/OGR_V040_TRJ_064.json,v0.41,3,8ec3817d770f92e72774bca51fe20d4afdb82926dc4fda37d89139db13b57ddf
OGR_V040_TRJ_065,OGR_V040_TRJ_065.json,data/trajectories/v0_41_expanded_300visit/OGR_V040_TRJ_065.json,v0.41,3,49e8c1cbda2334b044e0f2ad06a7d42fbd3771409a7670ce3bffea84a1a0db5c
OGR_V040_TRJ_066,OGR_V040_TRJ_066.json,data/trajectories/v0_41_expanded_300visit/OGR_V040_TRJ_066.json,v0.41,3,53fa851adcf82a86deef617897ddb00760a8313ba94a5e5b8cba781547d444ea
OGR_V040_TRJ_067,OGR_V040_TRJ_067.json,data/trajectories/v0_41_expanded_300visit/OGR_V040_TRJ_067.json,v0.41,3,584f59d2d5e0f208a4deccfaad3339a177cd5f0a41a6ac34068d8949d800f519
OGR_V040_TRJ_068,OGR_V040_TRJ_068.json,data/trajectories/v0_41_expanded_300visit/OGR_V040_TRJ_068.json,v0.41,3,7e0b5bad339b4982b51a770574669db517043149e92237c515922e6113d1a4d1
OGR_V040_TRJ_069,OGR_V040_TRJ_069.json,data/trajectories/v0_41_expanded_300visit/OGR_V040_TRJ_069.json,v0.41,3,41ff66a9c458f10d0dc81ee613f5e366e94dbc1c9e30f1ad892f2a242257c3eb
OGR_V040_TRJ_070,OGR_V040_TRJ_070.json,data/trajectories/v0_41_expanded_300visit/OGR_V040_TRJ_070.json,v0.41,3,506f0c8e13452d12c59def643f3a5cc5cc4860b052fef0b0ba47b73ca25c23be
OGR_V040_TRJ_071,OGR_V040_TRJ_071.json,data/trajectories/v0_41_expanded_300visit/OGR_V040_TRJ_071.json,v0.41,3,cd43529c734fef2f16e308a0165ec79e56c8f5aca2c3f7540da07b550896a028
OGR_V040_TRJ_072,OGR_V040_TRJ_072.json,data/trajectories/v0_41_expanded_300visit/OGR_V040_TRJ_072.json,v0.41,3,3d6d80022e2b8b7ea6c5ca8c3887060faedba1c3365940a380b1ee2edb8a1f10
OGR_V040_TRJ_073,OGR_V040_TRJ_073.json,data/trajectories/v0_41_expanded_300visit/OGR_V040_TRJ_073.json,v0.41,3,1757f0c1646ee1168abef780d6e0351635b770335af7a72c3c66f2ded534cbdf
OGR_V040_TRJ_074,OGR_V040_TRJ_074.json,data/trajectories/v0_41_expanded_300visit/OGR_V040_TRJ_074.json,v0.41,3,9c1c2e91c095dc406be15dfd8b3563d5758c4393c7882d58fe784ca77dde2b99
OGR_V040_TRJ_075,OGR_V040_TRJ_075.json,data/trajectories/v0_41_expanded_300visit/OGR_V040_TRJ_075.json,v0.41,3,d6f6d2ba6b95f6d5603817160caf0a4ea2eef729f791e44fd0bd335c654bb47b
OGR_V040_TRJ_076,OGR_V040_TRJ_076.json,data/trajectories/v0_41_expanded_300visit/OGR_V040_TRJ_076.json,v0.41,3,def1aa35eaa89c4b7bd57d11b59dc3886c45882c29a1a184d5d855e8e3edaf28
OGR_V040_TRJ_077,OGR_V040_TRJ_077.json,data/trajectories/v0_41_expanded_300visit/OGR_V040_TRJ_077.json,v0.41,3,a86b6eebce483fa9ed399c787129064194b1dd9d8daad60d6679e0cfd03364ee
OGR_V040_TRJ_078,OGR_V040_TRJ_078.json,data/trajectories/v0_41_expanded_300visit/OGR_V040_TRJ_078.json,v0.41,3,40432b75e4425cca93dee001714f4ad76d2b6560747450bba539b4074a600c3e
OGR_V040_TRJ_079,OGR_V040_TRJ_079.json,data/trajectories/v0_41_expanded_300visit/OGR_V040_TRJ_079.json,v0.41,3,37f41746dc17b5abe488332ec43a645f4f3151ce6fa6cd86af421bdf0ce078e7
OGR_V040_TRJ_080,OGR_V040_TRJ_080.json,data/trajectories/v0_41_expanded_300visit/OGR_V040_TRJ_080.json,v0.41,3,d24bf03210d50cfa853935870c923a306bd27e7aba0f4f095ffa2873efc99097
OGR_V040_TRJ_081,OGR_V040_TRJ_081.json,data/trajectories/v0_41_expanded_300visit/OGR_V040_TRJ_081.json,v0.41,3,3be98b2ff6b3b907a539ece2525f0e43d165f9230684060575855a7fb6860b91
OGR_V040_TRJ_082,OGR_V040_TRJ_082.json,data/trajectories/v0_41_expanded_300visit/OGR_V040_TRJ_082.json,v0.41,3,e52bd928695c79cd7d5e596511f5c1724bbf658556c4d0ef08612242d889319e
OGR_V040_TRJ_083,OGR_V040_TRJ_083.json,data/trajectories/v0_41_expanded_300visit/OGR_V040_TRJ_083.json,v0.41,3,de475dde2689ddec56cb2e45f61990a92ac47d4c63e2341858441b219362152d
OGR_V040_TRJ_084,OGR_V040_TRJ_084.json,data/trajectories/v0_41_expanded_300visit/OGR_V040_TRJ_084.json,v0.41,3,9938e6c5fb20a4061423b6469e81f34eaea44f270717f6726e2e0b6dbf13cc81
OGR_V040_TRJ_085,OGR_V040_TRJ_085.json,data/trajectories/v0_41_expanded_300visit/OGR_V040_TRJ_085.json,v0.41,3,083b8dd14bdf38ba1afb436f2777c4e5a10a77011430d946076560e248eab94b
OGR_V040_TRJ_086,OGR_V040_TRJ_086.json,data/trajectories/v0_41_expanded_300visit/OGR_V040_TRJ_086.json,v0.41,3,10de449c697333c8e8a13b122fb9e0d1a236de2f006649f320f970348aba6d2c
OGR_V040_TRJ_087,OGR_V040_TRJ_087.json,data/trajectories/v0_41_expanded_300visit/OGR_V040_TRJ_087.json,v0.41,3,e8cd21c3f8fae6a804f5813783b747591e04a5af698a2854b2906535834f2bc9
OGR_V040_TRJ_088,OGR_V040_TRJ_088.json,data/trajectories/v0_41_expanded_300visit/OGR_V040_TRJ_088.json,v0.41,3,20ef3d2b3d2bb4cd94c7b0e8834ecd54eb7d4976becb7ff9da9cfe62b9a83eac
OGR_V040_TRJ_089,OGR_V040_TRJ_089.json,data/trajectories/v0_41_expanded_300visit/OGR_V040_TRJ_089.json,v0.41,3,c8b6ba61bb56d26a727e85aec693cebfb4d5e932477882351947d12c1bb50467
OGR_V040_TRJ_090,OGR_V040_TRJ_090.json,data/trajectories/v0_41_expanded_300visit/OGR_V040_TRJ_090.json,v0.41,3,c7131c158c13f82248de39d8b9526273002828d05d375bb1f24ee806f40098cf
OGR_V040_TRJ_091,OGR_V040_TRJ_091.json,data/trajectories/v0_41_expanded_300visit/OGR_V040_TRJ_091.json,v0.41,3,dd116983afb6c4dd2e5ad022ae5ba10b4f563fd1285e69bb5352e1ca3531e9ea
OGR_V040_TRJ_092,OGR_V040_TRJ_092.json,data/trajectories/v0_41_expanded_300visit/OGR_V040_TRJ_092.json,v0.41,3,214b195efefd393100129eb5c27120e5caea8d0c8d3749aa7cdedc341b5d69da
OGR_V040_TRJ_093,OGR_V040_TRJ_093.json,data/trajectories/v0_41_expanded_300visit/OGR_V040_TRJ_093.json,v0.41,3,43d49ad31bb1db11a3c6c6483cd61b6bd78de7ab59771237207631edcc28c545
OGR_V040_TRJ_094,OGR_V040_TRJ_094.json,data/trajectories/v0_41_expanded_300visit/OGR_V040_TRJ_094.json,v0.41,3,edeeaa347555fc3ec44f02f786c0e3be0a04320c899d9d4a1692f8fb4dd737f7
OGR_V040_TRJ_095,OGR_V040_TRJ_095.json,data/trajectories/v0_41_expanded_300visit/OGR_V040_TRJ_095.json,v0.41,3,0c97a6a5ee4f2fb4d5a419d0cb871b04e8efd6a259181a53165a13a46e354fdf
OGR_V040_TRJ_096,OGR_V040_TRJ_096.json,data/trajectories/v0_41_expanded_300visit/OGR_V040_TRJ_096.json,v0.41,3,91545b62b9556466fd7d8708e142048934ff3b3c4629f4977dfbb759184bf4d2
OGR_V040_TRJ_097,OGR_V040_TRJ_097.json,data/trajectories/v0_41_expanded_300visit/OGR_V040_TRJ_097.json,v0.41,3,9c34c99496217da3b6b9843b61bb2dd51b093cd1bb158954b5ae7745d82f8cae
OGR_V040_TRJ_098,OGR_V040_TRJ_098.json,data/trajectories/v0_41_expanded_300visit/OGR_V040_TRJ_098.json,v0.41,3,ce94edb53bab0ef32ba1d8ee1f8cb6a30fb63df03f898a344a9dc17043447cd9
OGR_V040_TRJ_099,OGR_V040_TRJ_099.json,data/trajectories/v0_41_expanded_300visit/OGR_V040_TRJ_099.json,v0.41,3,e0d3582edf33f2a2424173ebe6659b97ca652f7ac92faf227522ae701cb024da
OGR_V040_TRJ_100,OGR_V040_TRJ_100.json,data/trajectories/v0_41_expanded_300visit/OGR_V040_TRJ_100.json,v0.41,3,1ac77d7c49f3515bbf3bd83c0542335eb71bbb8356b90aa4bcad666e0e919d79
